DOI,Author(s),Year,Paper Title,Link to paper,Paper ID,Reviewer,Status,Outcome(s) of Interest,Drivers of Risk,Category,Approach,Methodology,Highlights,More Notes,Hazard definition,Impact persistence,Space disaggregation,Impact interactions,Economic dynamics,Climate features,Adaptation considered
10.1016/j.rser.2024.115073,Bamisile O. et al.,2025,The environmental factors affecting solar photovoltaic output,https://discovery.dundee.ac.uk/ws/portalfiles/portal/146761221/1-s2.0-S1364032124007998-main.pdf,10.1016/j.rser.2024.115073,AI,Step 5,Reduced solar PV efficiency and output.,"Solar irradiance, temperature (elevation, heat production), atmospheric conditions (clouds, aerosols, pollutants, dust, humidity), terrain (albedo, snow), extreme weather (wildfires, hailstorms, hurricanes, eclipses), long-term irradiance changes, wind (extreme), land cover changes.",Energy,Other,"The review synthesizes existing literature and observational data to analyze factors impacting solar PV performance; it examines mitigation technologies, long-term irradiance changes, the Average Photon Energy (APE) metric (incorporating air mass, cloud cover, water content), relationships between irradiance and silicon crystal parameters, temperature coefficients/cooling techniques (with an equation for cell temperature approximation), dust cleaning methods/humidity effects, albedo's impact (using global maps from 2014-2024 data), snow cover, and extreme weather events.","Solar PV performance is crucially influenced by solar irradiance variability, atmospheric conditions, and extreme weather events, with a need for tailored strategies to maintain efficiency across diverse climates. High temperatures reduce power output, while spectral distribution and ambient temperature sensitivity affect module performance. Irradiance intensity impacts short-circuit current and fill factor, with higher temperatures shrinking band gaps, increasing leakage currents, and accelerating degradation. Environmental factors like wind and albedo also play significant roles, altering performance regionally and seasonally. Long-term changes, exacerbated by climate change and pollutants, pose ongoing challenges, urging the development of technologies for panel cooling and cleaning to sustain high performance globally.","Solar PV is a rapidly growing energy source, accounting for 5.5% of global electricity in 2023; thin-film PV is sensitive to spectral changes, cell temperature is strongly affected by irradiation, high temperatures accelerate degradation, and wind effects depend on array configuration; solar eclipse impacts increase with solar capacity.",Acute shocks,,,Sequential Interactions,,,"Consideration given to mitigating adverse environmental conditions (dust, temperature, albedo, weather events) affecting PV system performance, including cooling techniques and cleaning methods."
10.1175/BAMS-D-22-0106.1,Stuart et al.,2024,Enhancing Global Food Security,https://repository.library.noaa.gov/view/noaa/67754/noaa_67754_DS1.pdf,10.1175/BAMS-D-22-0106.1,AI,Step 5,Improved global food security through AMS community engagement.,"Extreme weather, climate events (droughts, floods, heat waves, cold snaps, storms), climate change, precipitation, temperature, evaporative demand, evapotranspiration, CO2 levels, climate zone shifts, soil moisture, ENSO, Indian Ocean Dipole, demographic transitions, biodiversity loss, poverty, urbanization, weak governance, ecosystem decline, geopolitical and socioeconomic challenges, conflict, pandemics.",Agriculture,Other,"Agroclimatic information from observations and reanalyses is used for food security decision-making and impact assessments. The methodology includes selecting relevant states and fluxes, using a framework to understand agricultural decisions in relation to meteorological phenomena over multiple temporal and spatial scales, and employing monitoring tools and observational data for contextualizing anomalies, forecasts, and food security outlooks. Expert interpretation and stakeholder engagement in co-developing decision-support tools are emphasized. Forecasts and Earth system monitoring tools help analyze current conditions, integrating forecasts, risk analyses, socioeconomic data, and employing forecast-based financing for early action. Methodology also includes modeling and attributing impacts using various models, counterfactual climate datasets, effective communication, co-production, and iterative engagement.","Climate change acts as a threat multiplier on food insecurity, impacting crop yields, food supply, prices, and grower incomes; the food system is both vulnerable to and a driver of climate change; data across time and space scales are needed to inform stakeholders; human adaptations occur at plant-to-field scales; FEWS NET exemplifies successful early warning systems with strong stakeholder engagement; coproduction and iterative engagement are crucial for effective research to operations (O2R); models are vital, but precipitation predictability needs improvement; droughts trigger cascading events and food price spikes, disproportionately impacting the poor; early warning enables early action, and weather/climate information supports anticipatory humanitarian action and contributes to Sustainable Development Goals.","The AMS can significantly contribute to global food security by improving weather and climate monitoring/forecasting, tailoring information for decision-makers, and fostering collaboration between researchers, users, and stakeholders across weather, water, climate, and agriculture sectors; this includes understanding prediction skill nuances, integrating physical and socioeconomic data, and incorporating local/traditional/Indigenous knowledge for effective early warning systems and sustainable development.",Acute shocks,Adaptive,Regional,,Transitional (accounting for changes over time),,"Adaptation is considered through:

*   Supporting food security decision-making with agroclimatic information.
*   Integrating socioeconomic data and stakeholder engagement for decision-support tools.
*   Improving usability of research through coproduction and iterative engagement.
*   Focusing on forecast-based financing (FbF) and early warning systems for early action.
*   Creating historical counterfactual climate datasets."
10.1111/roiw.12719,Nakamura L. & Sliker B.,2025,Climate Shocks in the Anthropocene Era: Should Net Domestic Product Reflect Climate Disasters?,found,10.1111/roiw.12719,AI,Step 5,Increased asset depreciation; Lower net domestic product (NDP); Lower net domestic investment.,"Climate change, extreme weather, natural disasters (floods, storms, fires, droughts, heat waves), human error, technological accidents, political events, geological events.","Climate Hazards (Flooding, Storms, etc.)",Econometric,"Methodology involves statistical modeling, structural modeling, and meta-analyses using NOAA and BEA data (1980-2023) to estimate asset costs from weather/climate disasters; NOAA focuses on events exceeding $1 billion (CPI deflated) using government and private insurance data, while BEA mainly includes disasters exceeding 0.1% of GDP; the approach proposes including these asset damages in consumption of fixed capital, distinguishing them from infrequent major disasters or unexpected technological developments which are currently recorded differently.","Highlights: Asset damage from weather and climate disasters is increasing, suggesting that depreciation from these events should be included in consumption of fixed capital (CFC) for a more accurate reflection of net domestic product (NDP) and net domestic investment; catastrophic losses are due to identifiable events that destroy a large number of assets, and, unlike normal accidental damage, are not currently included in CFC calculations.","IPCC's Sixth Assessment Report is referenced; Consumption of fixed capital (CFC) definition from SNA08 is presented; extreme weather events are more frequent and predictable; NOAA data includes non-asset costs absent from BEA data, but omits mortality/morbidity and indirect costs, with capital losses comprising ~2/3 of NOAA costs.",Acute shocks,N/A,N/A,N/A,Transitional (accounting for changes over time),N/A,"Adaptation is not explicitly mentioned in these notes. The focus is on modeling climate impacts on assets, particularly damage from disasters, and how these damages are accounted for in economic statistics. There is a discussion on distinguishing between normal asset depreciation and disaster-related damage, and how to incorporate disaster costs into economic indicators."
10.1038/s43247-024-01639-6,Nakase T. et al.,2024,Population at risk of dengue virus transmission has increased due to coupled climate factors and population growth,https://ciencia.ucp.pt/ws/files/105307965/105307811.pdf,10.1038/s43247-024-01639-6,AI,Step 5,Expansion of dengue transmission suitability; population growth in suitable areas; increased population at risk.,"Climate (temperature, humidity), population growth, urbanization, herd immunity, poor urban planning.",Health > Vectore Borne Disease,Other,"Dengue transmission suitability from 1979-2022 was estimated globally at ~11km resolution using Index P, a mechanistic measure based on temperature and humidity effects on mosquito-viral traits; trends in Index P were analyzed using monthly time series and a seasonal Mann-Kendall test; suitability was correlated with dengue case data in select countries, and a censored linear regression model with meta-analysis was used to relate climate suitability to dengue incidence, accounting for population density and size; uncertainty in Index P was addressed using 1000 samples for credible intervals.","Climate suitability for dengue transmission expanded in North America, East Asia, and the Mediterranean basin (1). High suitability correlates with dengue incidence (2,4). Population growth drove increases in people living in high-risk areas globally, except in the Global North where climate change was the primary driver (5). The most significant increases in climate suitability occurred in high-density urban areas (6), increasing the risk of dengue activity, especially in the Global South (7).","Study limitations include sparse reporting, difficulty capturing nonlinear interactions, reliance on single min/max values for climate limits, and locally-specific model parameter estimates; focuses on Ae. aegypti; identifies areas with lower-than-expected dengue cases based on climate suitability; mentions Indian Ocean temperature anomalies predict global dengue trends; no funding was received for the research.",Chronic trends,None,Global,Spatial Interactions,Transitional (accounting for changes over time),N/A,"Adaptation is not explicitly considered or modeled in this study. The research focuses on the relationship between climate suitability (temperature and humidity) and dengue incidence, incorporating population density and size as covariates in some analyses."
10.1038/s41467-024-47197-5,Falchetta G. et al.,2024,Global projections of heat exposure of older adults,https://pure.iiasa.ac.at/id/eprint/19729/1/s41467-024-47197-5.pdf,10.1038/s41467-024-47197-5,AI,Step 5,Doubled chronic heat exposure; 23% (vs. 14% today) of 69+ population in climates exceeding 37.5°C (additional 177-246 million exposed).,"Climate change (increasing heat exposure, frequency/intensity of hot days), population aging, population growth, biological/socioeconomic vulnerability, urban heat island effect, meteorological indicators (CDD, TMax95th, #HD).","Health > Heat and Cold (Cardiovascular, Respiratory, etc.)",Other,"The study combines age-stratified demographic projections with downscaled temperature projections from CMIP6 models to 2050 under SSP-RCP scenarios, using a grid-cell-based approach to decompose changes in regional-scale heat exposure into contributions from age structure, population size, and meteorology; it also downscales demographic projections and compares them with existing sub-national projections, using population growth factors by age-stratum, grid cell, and scenario to calculate heat exposure metrics.","Chronic heat exposure is projected to double by mid-century, significantly increasing the number of older adults (69+) exposed to dangerous heat, especially in Asia (more than threefold increase) and Africa, where adaptive capacity is lower; this will drive demand for thermal regulation and burden social/health services, requiring adaptation solutions tailored to older adults; in temperate regions like Europe/North America, climate change will be the main driver of increased heat exposure, while population aging will be key in warmer regions.","Focuses on the intersection of population aging and climate change, highlighting vulnerable hotspots, especially in Asia and Africa, where heat exposure increases are larger; Emphasizes the need for integrated adaptation and healthcare planning; Relies on gridded population data from WorldPop and acknowledges potential discrepancies in EU projections due to differing scenario assumptions; Uses APE and MAPE to evaluate data differences.",Acute shocks,Permanent,Regional,Sequential Interactions,Transitional (accounting for changes over time),N/A,Potential adaptation strategies are mentioned as a future outcome of understanding impacts. The analysis uses different SSP scenarios to evaluate future heat exposure and decomposes determinants of exposure by region and globally. The calculations for heat exposure metrics apply to current and future climate epochs/SSP scenarios.
10.1016/j.euroecorev.2024.104819,Kotlikoff L. et al.,2024,Can today's and tomorrow's world uniformly gain from carbon taxation?,found,10.1016/j.euroecorev.2024.104819,AI,Step 5,"GDP reduction (high-damage scenarios); catastrophic damages (India, Brazil, South Asian Pacific); welfare gains (carbon tax & transfers); emissions reduction; high compensatory payments (future generations, specific regions); carbon tax effectiveness (dependent on global adoption).","Region-specific temperatures, damage functions, emissions, fossil fuel consumption, carbon policy (taxes/rebates), global mean temperature, timing of policy implementation.",Total,Macro-model,"Large-scale, annually calibrated, multi-region, 18-region overlapping generations (OLG) integrated assessment model (IAM) based on the Global Gaidar Model (GGM) and adopting the functional form of DICE (Nordhaus, 2017) with region-specific emissions, damages, technologies, clean and dirty energy production, and perfect capital mobility, coupled with a climate emulator and solved backward from a steady state in 3017 using a Gauss-Seidel iteration technique; incorporates region-specific temperature and damage functions, calibrated to the latest scientific evidence (CMIP5 simulations); uses pattern scaling (Lynch et al., 2017; Folini et al. 2024) to infer regional temperatures from global temperatures, modelling the carbon cycle using three carbon reservoirs (atmosphere, upper ocean, lower ocean); model calibration uses 2017 GDP values from the World Bank, energy consumption data from the US Energy Information Administration (EIA) for CES production functions, and iteratively solves for optimal carbon tax paths based on Social Cost of Carbon (SCC), employing Lagrange multipliers and converging on uniform welfare gains, with a Krusell-Smith type productivity function with productivity losses as a function of temperature increases, with results from 2017 onwards.","Highlights: Climate change can significantly reduce GDP, especially in regions like India; carbon taxation with redistribution can correct externalities and improve welfare; uniform welfare gains may burden future generations; limited-burden carbon tax policies can still deliver substantial welfare gains; carbon taxes alone are insufficient without global participation, particularly from China; optimal policies dramatically reduce fossil fuel use and emissions; poorer regions may face fairness concerns under UWI policies.","The study examines carbon taxes and redistribution within a multi-region, overlapping generations model, emphasizing Pareto efficiency over social welfare. It features 18 regions, distinct temperature, damage functions, and an international institution coordinating policy. The model highlights optimal carbon taxation paths, noting challenges in distribution of resources and policy calibration. It predicts different timelines for regions ceasing fossil fuel use, with China and Russia significantly accelerating cessation under carbon policy compared to BAU. The analysis faces limitations, including potential underestimation of damages, time consistency issues in redistribution, and the enduring rise of economies like China irrespective of climate policy interventions.",Stylised changes,Permanent,Regional,N/A,Transitional (accounting for changes over time),N/A,"Adaptation isn't explicitly mentioned, but the model considers region-specific technologies, clean and dirty energy production, and carbon tax policies, which can implicitly influence adaptive capacity. The model analyzes different carbon tax and transfer policies and their impact on welfare gains, emissions, temperature, and damages under various damage specifications."
10.1016/j.envint.2024.108691,Wu Y. et al.,2024,Temperature frequency and mortality: Assessing adaptation to local temperature,https://arrow.tudublin.ie/cgi/viewcontent.cgi?article=1253&context=scschphyart,10.1016/j.envint.2024.108691,AI,Step 5,Increased temperature frequency associated with decreased all-cause mortality risk; varying regional adaptation.,Temperature frequency; Moderate/extreme cold & hot; Climate zone; Heatwaves.,"Health > Heat and Cold (Cardiovascular, Respiratory, etc.)",Econometric,"Two-stage time-series quasi-Poisson regression with DLNM: location-specific mortality association with normalized temperature frequency (Stage 1), followed by multilevel meta-analysis pooling (Stage 2). Stratified analysis by temperature, reconstructing exposure-response curves for 1990-1995, 1995-2000, 2000-2005, 2005-2010. Mortality risks compared across temperature frequency percentiles using aggregate anonymized data (MCC Collaborative Research Network) and Köppen climate classification. References a three-stage modelling study (Wu et al., 2022).","Highlights: Increased frequency of temperatures, especially extreme cold and hot, is linked to increased mortality risk, but populations can adapt to local climates through frequent exposure, with adaptation varying geographically due to climate and socioeconomic factors; the highest mortality risk increase is observed in temperate climates and high-income countries, while the greatest mortality decrease with increasing temperature frequency occurs in South Europe.","Data from 757 locations in 47 countries (MCC Network) were used, with temperature frequency ranging from 13 days (Regina, Canada) to 204 days (Fortaleza, Brazil); limitations include demographic data and data availability in specific regions.",Acute shocks,Adaptive,Regional,N/A,Transitional (accounting for changes over time),N/A,"Evidence suggests that changes in temperature-mortality relationships over time are examined using exposure-response curves across different periods (1990-2010). This may imply some consideration of adaptation, though not explicitly stated, by observing how populations respond to temperature changes over time."
10.1016/j.wroa.2024.100223,Ross A.G. et al.,2024,A macro-level analysis of the socio-economic impacts of climate change driven water scarcity: Incorporating behavioural and resilience aspects,found,10.1016/j.wroa.2024.100223,AI,Step 5,"Impact of water scarcity on economy, sector vulnerability, and resilience depending on foresight/preparedness.","Water scarcity, climate change, insufficient rainfall, drought, temporary events, reduced freshwater availability, economic impact, agriculture, manufacturing, electricity generation.",Fresh-Water,Macro-model,"The analysis employs the DEMACRO-ESS, a dynamic multi-sectoral computable general equilibrium (CGE) model parameterized on a 2020 Social Accounting Matrix (SAM) for Germany. It considers three investment behavior scenarios—perfect foresight, myopic expectations, and imperfect foresight—and is conducted using monthly time steps. The model integrates behavioural and resilience aspects, applies nested Constant Elasticity of Substitution (CES) production functions, and incorporates Armington trade links and Leontief coefficients. It accounts for green and blue water and natural capital aspects like land types. Using the AMOS modelling framework, it simulates the socio-economic impacts of reduced water efficiency, conducting sensitivity analyses to explore impacts under varying economic openness.","Highlights include: Agriculture, food, and electricity sectors face negative impacts from water scarcity, while some sectors benefit from competitiveness, potentially increasing water use; firms with foresight perform better during scarcity events; imperfect foresight leads to over-investment and most negative impacts; agriculture is most affected due to freshwater reliance, while some manufacturing sectors see positive effects.","Focuses on engineering resilience, comparing myopic, imperfect foresight, and perfect foresight investment models within a neo-Keynesian, single-country framework with a bargained real wage function and fixed labor force; acknowledges business-as-usual trade partner assumptions and highlights significant indirect impacts of water scarcity on non-water-reliant sectors.",Chronic trends,Adaptive,Regional,Sectoral Interactions,Adaptive (reflecting shifts in economic behavior in response to impacts),N/A,"Adaptation is considered in the context of simulating water scarcity impacts using the DEMACRO-ESS model. The analysis includes exploring different investment behavior models (perfect foresight, myopic expectations, and imperfect foresight) to assess socio-economic responses. Sensitivity analyses are conducted to understand outcomes under varying economic conditions and trade elasticities, implying an examination of resilience and adaptation strategies under different scenarios."
10.5194/tc-18-653-2024,Coulon V. et al.,2024,Disentangling the drivers of future Antarctic ice loss with a historically calibrated ice-sheet model,https://egusphere.copernicus.org/preprints/2023/egusphere-2023-1532/egusphere-2023-1532-ATC2.pdf,10.5194/tc-18-653-2024,AI,Step 5,"Antarctic ice sheet contribution to sea-level rise; short-term ocean-driven mass loss in West Antarctica; mitigating atmospheric role initially (increased snowfall); high-emission scenario: atmospheric influence shifts to amplifying mass loss (+7.5°C threshold, melt-elevation feedback, West Antarctic collapse, East Antarctic grounding-line retreat); low-emission scenario: slower sea-level rise, mass loss confined to Amundsen Sea Embayment/Thwaites Glacier.","Sub-shelf melting, ice discharge, surface mass balance, atmospheric warming, oceanic forcing, melt-elevation feedback, hydrofracturing, marine ice-cliff instability, surface runoff, basal melt, SSP scenarios, CMIP6 climate models.",Sea-level Rise / Coastal,Other,"The study uses the Kori-ULB ice-sheet model at 16km resolution, forced by a subset of CMIP6 climate models (SSP 5-8.5 and 1-2.6) from 2015-2300, with constant climate after, and CMIP5 model NorESM1-M for hindcasts (1950-2014). A 100-member perturbed parameter ensemble (Latin hypercube sampling) explores uncertainties in ice-ocean and ice-atmosphere interactions, and initial conditions. Bayesian calibration, constrained by IMBIE regional mass balance estimates, determines posterior probability distributions, assuming a Gaussian likelihood function. The model employs shallow-ice and shallow-shelf approximations, a Weertman sliding law, and three parameterizations for sub-shelf melting (including PICO). Surface mass balance is calculated using a positive degree-day (PDD) algorithm, with comparisons to MAR and CESM2-WACCM climate models. Sensitivity analyses explore oceanic and atmospheric forcing, with and without melt-elevation feedback. Hydrofracturing is approximated following Pollard et al., 2015; DeConto and Pollard, 2016.","Antarctic mass loss is predominantly ocean-driven in the short-term with atmospheric contributions transitioning from mitigating to amplifying mass loss as warming exceeds +7.5°C, with the collapse of the West Antarctic Ice Sheet projected under SSP5-8.5, driving significant grounding-line retreat in East Antarctica by 2300; under a low-emission pathway, mass loss is confined mainly to the Amundsen Sea Embayment with reduced sea-level rise impact.","Antarctic mass loss is driven by ocean melting this century, with atmosphere initially mitigating via snowfall, but becoming amplifying after +7.5°C warming due to melt-elevation feedback and surface runoff dominating; SSP5-8.5 shows accelerated loss after 2100 and substantial long-term SLR, while lower emissions show reduced SLR mainly from Amundsen Sea Embayment; Study acknowledges limitations including single ice-sheet model, incomplete physics, numerical methods, and potential CMIP6 climate sensitivity biases; 100-member ensemble explores oceanic, atmospheric, and melt-elevation feedback impacts; Surface mass balance over grounded ice increases until end of century, with ice shelves more sensitive to warming thresholds; Study explores committed long-term changes from early-millennium warming; Kori-ULB ice sheet model is used, code and data are publicly available.",Chronic trends,Permanent,Regional,Sequential Interactions,N/A,Tipping Points,"Adaptation is not explicitly considered. The focus is on modeling and projecting sea-level rise under different emission scenarios using ice-sheet models, accounting for uncertainties and calibrating against observations. Some sensitivity analyses are performed, but the models do not include adaptation measures."
10.1088/1748-9326/ad0c88,Litzow M.A. et al.,2024,Climate attribution time series track the evolution of human influence on North Pacific sea surface temperature,https://michaelmalick-com-public.s3.us-west-2.amazonaws.com/papers/litzow_etal_2024.pdf,10.1088/1748-9326/ad0c88,AI,Step 5,"Human influence on ocean temperatures, extreme SST events, sockeye salmon fishery decline.","Human influence, increasing SST, anthropogenic temperature effects, SST anomalies (frequency/intensity), ocean warming.",Fisheries,Other,"Climate attribution techniques, specifically Bayesian estimates of Fraction of Attributable Risk (FAR) and Risk Ratio (RR), were applied to sea surface temperature (SST) time series (1950-2022) from five regional North Pacific ecosystems. The analysis used 23 CMIP6 global climate models, weighting them based on skill and independence, to calculate FAR and RR from normalized SST anomalies relative to a pre-1950 baseline (observations used ERSSTv5 data). Preindustrial and present-day probabilities were estimated using CMIP6 runs and compared, considering historical and SSP5-8.5 scenarios, extending projections to 2100 under SSP2-4.5 and SSP5-8.5. Bayesian regression models related sockeye salmon catch to SST and were used to estimate potential future extremes. Model evaluation considered bias, trend, interannual variability, and SST autocorrelation. A perfect model setup was used to tune model weighting based on bias, trend, standard deviation and autocorrelation. Bayesian smoothed regression isolated the warming signal. The analysis also employed time of emergence studies and regression analyses to relate SST and FAR to catch anomalies, evaluating the evolution of human influence.","Human influence on North Pacific sea surface temperatures (SSTs) was detectable in the 1970s and became overwhelming by 2014-2020, reaching levels likely impossible in the preindustrial climate, especially in the Eastern Bering Sea and Gulf of Alaska. This human influence, measured by Fraction of Attributable Risk (FAR) values often exceeding 0.98, is linked to negative impacts on sockeye salmon fishery catches. Extreme SST events, once expected every 1000-10,000 years, now occur every 5-40 years. Model uncertainty has little impact on the conclusions. Under the SSP5-8.5 scenario, significant SST anomaly increases are projected, particularly in the North Pacific and Eastern Bering Sea, potentially leading to cooler-than-normal conditions with further warming and indicating an increasing risk of fisheries failure, potentially approaching a tipping point for sockeye salmon in the Gulf of Alaska.","Study focuses on the North Pacific (poleward of 20°N) and five regional ecosystems; highlights regional differences in SST impacts and the 'shifting baseline' syndrome; acknowledges limitations of global models for regional analysis, especially in the Eastern Bering Sea; details model weighting based on historical SST patterns; and explains the exclusion of the South Alaska Peninsula due to Bering Sea-bound sockeye.",Chronic trends,Adaptive,Regional,Sequential Interactions,N/A,N/A,Adaptation isn't directly considered. The paper focuses on climate attribution and projecting future SST changes under different emission scenarios and their impact on sockeye salmon.
10.1038/s41467-023-43114-4,Krichene H. et al.,2023,The social costs of tropical cyclones,found,10.1038/s41467-023-43114-4,AI,Step 5,"Accounting for tropical cyclone impacts increases the global Social Cost of Carbon (SCC) by >20%, highlighting underestimated climate policy benefits and a need to adequately account for extreme weather damages in policy evaluation.","Tropical cyclones (TCs), global mean temperature (GMT), future greenhouse gas emissions (RCPs), socioeconomic development (SSPs), country's exposure and economic vulnerability to TCs.","Climate Hazards (Flooding, Storms, etc.)",Econometric,"The methodology derives temperature-dependent damage functions for 41 TC-affected countries to quantify the country-level SCC using a mixed-effects panel model and regression analysis, incorporating historical growth responses to TC strikes, probabilistic event-based projections of TC damages generated from climate model simulations and the CLIMADA tool, and country-specific temperature dependencies; it uses scenario analysis, bootstrapping, and a TC impact emulator to project TC damages from 2010-2100, considering compounding uncertainties and employing DAD and TC-SCC metrics; and combines process-based modeling of population exposure to TCs with an empirical growth model.","TC impacts substantially increase the global social cost of carbon, particularly for major greenhouse gas emitters like India, USA, China, Taiwan, and Japan; TC strikes reduce growth in the short, mid, and long term, with cumulative growth losses increasing over time, differing substantially based on country exposure; growth losses increase with global mean temperature for most TC-affected countries, negatively impacting growth in high-income countries; discounted annual damage from TCs is quantified, linking TC impacts to socioeconomic effects and GDP changes, finding the relationship between variables structurally dependent on RCPs; low- and middle-income countries face significant relative economic challenges, with damages potentially comparable to those in the USA relative to household income; discount rate, persistence of growth losses, and risk aversion are important factors; the study explicitly accounts for TCs' contribution to SCC and can substantially increase previous estimates.","The study analyzes long-term economic growth impacts of tropical cyclones (TCs) in 41 affected countries (1981-2015), identifying six key uncertainty dimensions in damage projections: emissions, socioeconomic development, discounting, historical growth response to TCs, TC impact response to emissions, and temperature response to emissions; the analysis finds positive global damage across scenarios, influenced by discount rates and socioeconomic pathways, and is a lower bound estimate due to focusing on wind damage only; the study uses a slightly larger range of global mean temperature variability.",Acute shocks,Permanent,Regional,N/A,Transitional (accounting for changes over time),N/A,"The paper integrates adaptation by using a framework combining historical TC (tropical cyclone) damage assessments and projections, incorporating country-specific damage functions and considering economic growth impacts. It explores various scenarios (RCPs, SSPs), accounts for temperature dependencies, and uses modeling techniques (mixed-effects models, bootstrapping, probabilistic TC tracks) to capture uncertainties, ultimately highlighting the persistent economic effects of TCs. This approach suggests an indirect consideration of adaptation by providing insights into potential damages and the economic impact, informing policy and adaptation strategies."
10.1186/s13071-023-05887-x,Cuthbert R.N. et al.,2023,Invasive hematophagous arthropods and associated diseases in a changing world,https://pureadmin.qub.ac.uk/ws/files/503623235/s13071_023_05887_x_1_.pdf,10.1186/s13071-023-05887-x,AI,Step 5,Increased vector-borne diseases; impacts on ecosystems and human health; novel disease outbreaks.,"Climate change, land-use change, urbanization, trade, transport, connectivity, socioeconomic factors, human movement, agriculture, urban heat island, invasive species proliferation, adaptation, insecticide resistance.",Health > Vectore Borne Disease,Other,"The methodology involves reviewing historical invasion patterns of hematophagous arthropods, with a focus on mosquito species like Ae. aegypti and the Cx. pipiens complex, and assessing population dynamics and distributions to predict the impact of climate change on disease transmission, considering a variety of socioeconomic and ecological contexts.","Invasive hematophagous arthropods vector diseases, posing a growing threat to human health, exacerbated by climate change, increasing travel/trade, and urbanization. Climate change may expand the range of disease-carrying ticks and increase mosquito populations, leading to economic burdens. Mitigation requires stronger monitoring, transboundary surveillance, and social-ethnological approaches, considering factors like urban water storage and pesticide use. Historical trade and colonialism are linked to the spread of some species.","Modes of introduction/extinction, the synthesis nature of the review, and the importance of managing hematophagous arthropods within a broader biodiversity context were highlighted.",N/A,N/A,N/A,N/A,N/A,N/A,"Adaptation not explicitly mentioned in provided text. The review focuses on actions/roles of invasive arthropods in changing environments, invasion history, and predicting climate change effects on disease transmission."
10.5194/hess-27-3999-2023,Lai E.N. et al.,2023,Root zone soil moisture in over 25% of global land permanently beyond pre-industrial variability as early as 2050 without climate policy,https://hess.copernicus.org/articles/27/3999/2023/hess-27-3999-2023.pdf,10.5194/hess-27-3999-2023,AI,Step 5,"Permanent dry departures: Central America, southern Africa, Mediterranean region, South America; Permanent wet departures: southeastern South America, northern Africa, southern Asia; Mediterranean: dry departures may be happening; By 2100: dry departures in Mediterranean increase with warming scenarios; Northeastern Africa: wet permanent departures increase with warming scenarios; Percentage of ice-free land area with departures increases in all SSP scenarios; Wet departures more widespread than dry, except SSP1-2.6; Severity increases with global warming.","Climate change, greenhouse gases, SSP scenarios, warming, precipitation, runoff, evaporation, seasonality, evaporative demand, anthropogenic warming, land system change.",Ecosystems,Other,"The methodology analyzed root zone soil moisture departures from pre-industrial variability using a multi-model ensemble of 14 Earth system models (ESMs) in CMIP6 across four SSP scenarios (SSP1-2.6, SSP2-4.5, SSP3-7.0, SSP5-8.5) between 2021 and 2100. Permanent departures were defined as when a region's soil moisture deviates beyond the pre-industrial envelope and does not revert by 2100. An ensemble median approach was employed, using 12-month rolling averages, considering regional ensemble means for wet/dry departures and comparing model outputs to a PiControl baseline. Data were obtained from climate models (including NOAA-GFDL GFDL-ESM4) without weighting models on performance or interdependence and analyzed with Python, focusing on spatial and temporal projections of soil moisture changes, permanence of departures, and importance of relative change across IPCC-defined climate reference regions.","Projected soil moisture changes show significant regional variations: drying in Central America, southern Africa, Mediterranean, and most of South America; wetting in southeastern South America, northern Africa, and southern Asia. Warmer scenarios exacerbate drying in North and South America, and wetting in northern Africa and eastern Europe. Permanent departures increase with warming, with wet departures generally more widespread than dry, except in low-emission scenarios. Some regions show seasonal differences (high latitudes drier in summer, wetter in winter). Model uncertainties and divergences exist, especially in the Sahel, Amazon, and higher northern latitudes. High-emission scenarios lead to increased drought frequency in Africa and South America. Even low-emission scenarios result in substantial land area experiencing permanent departures.","The study examines 'permanent departures' of root zone soil moisture beyond pre-industrial variability, emphasizing mitigation's role. Discrepancies are noted in departure patterns across Asian regions under varying scenarios. Ensemble medians reveal region- and SSP-dependent soil moisture changes, with many projecting year-round wet/dry departures. Wildfire risk changes are shown via color-coded maps. Results focus on long-term deviations, with model spread reflecting potential outcomes rather than errors. This spread has been ongoing since CMIP5, with limitations due to prescribed land cover and possible water-energy balance inconsistencies. Result interpretation differs between ensemble means and medians, with permanence estimations possibly affected by longer simulation periods. ESM agreement is higher in regions with strong signals, though outliers like CNRM-ESM2-1 exist. Supplementary figures show outcomes for SSP2-4.5 and SSP5-8.5.",Chronic trends,Permanent,Regional,None,Transitional (accounting for changes over time),N/A,"Adaptation is not explicitly considered in this study. The analysis focuses on modeling and projecting soil moisture changes under various Shared Socioeconomic Pathway (SSP) scenarios, assessing departures from pre-industrial baselines, and determining the time of emergence and permanence of these changes, without incorporating any adaptive measures."
10.5194/esd-14-1015-2023,Hartin C. et al.,2023,Advancing the estimation of future climate impacts within the United States,found,10.5194/esd-14-1015-2023,AI,Step 5,"Economic damages, human health impacts (mortality, air pollution), regional disparities, distributional inequalities.","Temperature changes, sea level rise, air quality (O3, PM2.5), wildfires, high-tide flooding, tropical storms, dust exposure, wind damage.",Total,Macro-model,"The study employs the Framework for Evaluating Damages and Impacts (FrEDI) model to project economic and physical damages across 10,000 scenarios, utilizing over 30 climate impact models and temperature-damage relationships across US sectors, regions, and populations. It runs probabilistic emissions, socioeconomic projections, and climate parameter uncertainties through RFF-SP scenarios, using the FaIR model for temperature estimation. Analysis extends to 2300, accounting for emissions through pulse experiments of CO2, CH4, or N2O, with damages discounted using Ramsey rates (1.5-2.5%). FrEDI calculates sectoral impacts and adaptation scenarios like coastal flooding projections using various scaling methods, such as GDP, population, or adjustment factors, to assess sensitivity and long-term impacts.","FrEDI projects increasing net national climate damages, reaching $2.9 trillion annually by 2090, with the largest monetary damages stemming from premature mortality due to temperature and air quality changes; these impacts vary regionally, disproportionately affecting socially vulnerable groups; adaptation strategies can both exacerbate and ameliorate damages; and projections extended to 2300 reveal long-term impacts with increasing trends across most sectors, particularly temperature-related mortality, wildfire, and coastal properties.","FrEDI, a reduced-complexity model, projects climate change impacts across sectors, regions, and vulnerable populations in the US, incorporating damage functions and adaptation options; it disaggregates national data regionally, considering vulnerabilities based on income, race/ethnicity, education, and age; the model projects disproportionate impacts on Black/African Americans (mortality) and Hispanic/Latino Americans (labor), while using various adaptation assumptions that differ by sector, with reactive adaptation as the default; uncertainty intervals highlight potential variability in future impacts, and the model calibration aligns with IPCC AR6.",Chronic trends,Adaptive,Local,Sectoral Interactions,Transitional (accounting for changes over time),Other,"Adaptation is integrated into the analysis through multiple approaches. The FrEDI model incorporates adaptation assumptions from underlying sector studies and examines different adaptation scenarios, particularly for coastal flooding, where both reactive and proactive adaptation strategies are modeled. Sector-specific adaptation strategies and their impacts are analyzed, and the sensitivity of climate damages to adaptation scenarios is explored. Adaptation considerations are updated as new sectoral impact studies become available, ensuring that adaptation is a dynamic and evolving component of the assessment. Additionally, adaptation scenarios are used to estimate damages for projections in the year 2090 and beyond."
10.1126/SCIADV.ADL1082,NA,2023,Erratum: Globally unequal effect of extreme heat on economic growth (Science Advances DOI: 10.1126/sciadv.add3726),found,10.1126/SCIADV.ADL1082,AI,Step 5,"Economic growth, extreme heat, GDP loss, income deciles, inequality, global impact.","Anthropogenic extreme heat (Tx5d), average temperature, temperature variability, drought, income, fossil fuel CO2 emissions.",Productivity > Labour Productivity,Econometric,"The study uses subnational economic data, extreme heat metrics (Tx5d), and CMIP6 climate models to quantify the effect of extreme heat intensity on economic growth (GDPpc) globally from 1992-2013. The methodology involves empirical regression methods at the subnational level with a fixed effects model, including interactions with annual average temperature, temperature variability, Palmer Drought Severity Index and average income. Missing GDPpc data are addressed via downscaling using nighttime luminosity, validated via cross-validation. Historical climate model simulations create counterfactual heat series. A distributed lag model assesses persistence and Monte Carlo analysis (10,000 runs) quantifies uncertainty. Likelihood ratio tests are used for model comparison, and regression uncertainty is quantified via bootstrapping. An extrapolation procedure assumes average temperature controls the marginal effect of extreme heat.","Highlights: Human-caused increases in extreme heat disproportionately harm poor tropical regions, exacerbating global inequality, decreasing economic growth in warm areas, with the hottest days having an outsize influence on economic effects; investments in heat resilience and early warning systems could provide significant economic benefits.","Quantifies global macroeconomic effects of extreme heat (specifically intensity of hottest 5 days), using high-resolution economic data, particularly in poor/warm regions; estimates effects in regions with missing data; finds adaptation strategies have not eliminated negative impacts; and emphasizes that damages from variability are less than those from average/extreme temperatures.",Acute shocks,Adaptive,Regional,Sequential Interactions,Transitional (accounting for changes over time),N/A,"Adaptation is not directly considered or modeled in this study. The research focuses on quantifying the economic impact of extreme heat, utilizing historical data, climate models, and econometric techniques."
10.1371/journal.pone.0291577,Zhang Y. et al.,2023,"Agriculture, bioenergy, and water implications of constrained cereal trade and climate change impacts",https://journals.plos.org/plosone/article/file?type=printable&id=10.1371/journal.pone.0291577,10.1371/journal.pone.0291577,AI,Step 5,"Cereal consumption, import dependency, climate change, trade perturbations, agricultural yields, global trade, irrigation water, corn ethanol production, regional variability.","Climate change impacts on crop yields; Restrictions on agricultural/cereal trade (import dependency constraints, zero cereal imports); Trade perturbations.",Agriculture,Macro-model,"The study uses the GCAM v5.3 integrated assessment model to simulate agricultural systems from 2015-2050 under scenarios of climate change impacts on crop yields (CC) and restrictions on agricultural trade (ID), both independently and combined (IC), relative to a Reference Future (RF).","The study finds that import dependency constraints have a more substantial impact on global cereal consumption than climate change, with trade perturbations resulting in significant decreases in cereal production and consumption, notably impacting major exporting and importing regions differently. Climate change effects on cereal yields increase domestic prices and alter land use, with regional disparities in response to trade and climate scenarios. Notable impacts include higher irrigation water use, reduced ethanol production, and economic challenges in regions like the Middle East, while countries like the USA face shifts in production patterns and net trade revenue.","The study examines how trade perturbations and climate change impact agricultural systems, modeling 11 crop commodities within GCAM v5.3, and emphasizing regional variations in production capabilities. Focusing on cereal commodities like corn and wheat, the research uses a zero cereal import dependency constraint as a thought experiment. Scenario comparisons reveal changes in regional trade flows and domestic cereal consumption, with visual charts linking these to production and population growth. A table contrasts cereals and non-cereals, also assessing effects on corn ethanol production.",Chronic trends,Adaptive,Regional,Sectoral Interactions,Adaptive (reflecting shifts in economic behavior in response to impacts),N/A,"GCAM simulates economic decisions and interactions, including price-induced intensification (e.g., irrigation) and international trade for agricultural commodities. The modeling framework includes scenarios that reflect adaptations like changes in production, consumption, and land allocation for cereal crops in response to climate change impacts."
10.1016/j.crm.2023.100516,Tebaldi C. et al.,2023,The hazard components of representative key risks. The physical climate perspective,https://hal.science/hal-04191240/document,10.1016/j.crm.2023.100516,AI,Step 5,Increasing risk of impacts on human and natural systems.,"Hazards, Global Warming Levels, Extreme Heat, Coastal Flooding, Storms, Insect Habitat Shifts, Precipitation Changes, Droughts, Sea Level Rise, Permafrost Thaw, Extreme Cold, Climate Impact Drivers, Ocean Temperature, Fire Weather, Cyclone Intensity, Snow Cover, Glacier Loss, Compound Flooding, Air Pollution, Evapotranspiration.","Climate Hazards (Flooding, Storms, etc.)",Other,"The study systematically represents the future evolution of hazard components of Representative Key Risks (RKRs) using current literature, assessments, and CMIP6 climate model outputs. It links climate impact-driver (CID)/hazard behavior to Global Warming Levels (GWLs) defined by Global Surface Air Temperature (GSAT) warming relative to the 1850-1900 baseline, using pattern scaling for temperature and precipitation. The analysis assesses changes in return periods of extreme events like 100-year floods and incorporates the influence of sea level rise on storm surges. It distinguishes between quantitative, qualitative, and uncharacterized relationships between climate change and impacts, and employs methods like CMIP6 model intercomparison and analysis of the Standardized Precipitation-Evapotranspiration Index (SPEI).","Highlights include projections of climate model results (CMIP6), extreme sea levels at different global warming levels, the impact of anthropogenic heating in urban environments, and climate change penalty and benefit on surface ozone, related to the hazards impacting living standards, human health, food security, and water security, with many hazards linked to global temperature changes but with uncertainties in magnitude and rate, and recognition that exposure and vulnerability are also critical to climate risks.","Paper focuses on hazard components of Representative Key Risks (RKRs), using Global Warming Levels (GWLs) to assess changes in climatic impact-drivers; confidence levels are based on IPCC AR6 WGI, with discussions on ENSO, extra-tropical storms, sea ice, glaciers, sea level, storm surges, marine heatwaves, and ocean acidification, acknowledging impacts depend on local conditions and dynamic processes.",Stylised changes,None,Global,None,N/A,N/A,"Adaptation is included via consideration of relative sea level rise enhancing storm surges, contingent on global warming levels."
10.1016/j.ecolecon.2022.107627,Jarrett U. et al.,2023,Dry spells and global crop production: A multi-stressor and multi-timescale analysis,https://digitalcommons.unl.edu/cgi/viewcontent.cgi?article=1119&context=econfacpub,10.1016/j.ecolecon.2022.107627,AI,Step 5,Depressed aggregate crop production.,"Dry spells, heat waves, drought, aridity, water stress, temperature stress, low soil moisture, precipitation unevenness, climate change, climate extremes, water deficits.",Agriculture,Econometric,"The study employs a multi-stressor, multi-timescale analysis approach using a global panel dataset from 1979 to 2016 comprising daily precipitation and temperature data; it defines and examines dry spells (periods of abnormally dry days below 1.5 standard deviations from the mean) and heat waves (abnormally hot days exceeding 1.5 standard deviations) using climatic data from the Climate Prediction Center and constructs national aggregates weighted by cropland area; key variables include drought measures (SPEI), aridity index, and irrigation levels, all of which are accounted for in fixed-effects regression models to isolate impacts on national crop production, with robustness checked via bootstrapping, sequential g-estimation, interaction terms, distributed lag models, and various other specifications.","The study highlights that dry spells during the hottest times of the year significantly depress crop production, particularly in non-irrigated and arid regions, with impacts exacerbated by existing drought and heat waves; irrigation and adaptation can mitigate some effects, but compounded exposure to dry spells and heat waves, especially during longer durations, intensifies negative outcomes; the effects of dry spells on crop production are more severe under arid conditions and are moderated by irrigation, and nutrient management is suggested as a potential adaptation strategy.","The study investigates the impact of 4-5 week dry spells occurring during the hottest part of the year on aggregate crop production using global panel data from 1979-2016, considering the influence of existing drought, aridity, and heat waves; it employs a multi-timescale and multi-stressor perspective, focusing on punctuated events and using gridded data, although data limitations may affect the accuracy of results in Sub-Saharan Africa; heat waves are defined as rarer than dry spells, and their interactions with dry spells are explored, with analyses including varying dry spell/heat wave lengths and alternative outcome measures; while statistical significance varies, the study aims to isolate punctuated weather event effects from prevailing climate regimes, and acknowledges limitations related to data aggregation and threshold enforcement.",Acute shocks,Permanent,Global,Sequential Interactions,Transitional (accounting for changes over time),N/A,"Limited. Primarily explored through the potential role of irrigation, with acknowledgement of data limitations and endogeneity challenges. Regression analysis also allows dry spell effects to vary with aridity, drought, or irrigation. Split-sample and interaction-term regressions examine how dry spell effects depend on drought and aridity, using country-level variation as moderators."
10.21919/remef.v17i4.794,Lucatello S. & Sánchez R.,2022,"Climate Change in North America: Risks, Impacts, and Adaptation. A Reflection Based on the IPCC Report AR6 – 2022; [Cambio climático en América del Norte: riesgos, impactos y adaptación. Una reflexión basada en el Informe AR6 del IPCC – 2022]",https://www.redalyc.org/journal/4237/423780639002/423780639002.pdf,10.21919/remef.v17i4.794,AI,Step 5,"Increased frequency/severity of extreme events (rising temperatures, droughts, extreme rainfall, rising sea levels); more difficult/costly adaptation; disproportionate impacts on vulnerable groups, economic activities, and ecosystems.","Rising temperatures, sea level rise, droughts, extreme weather events (heatwaves, storms, hurricanes, floods, extreme precipitation), wildfires, shifted rainfall patterns, changes in precipitation, rising atmospheric carbon dioxide, compound extreme events.","Climate Hazards (Flooding, Storms, etc.)",Other,"The evaluation methods are based on impacts and adaptation assessments revised in available literature, reflecting on evidence from the IPCC Working Group 2 report on ""Impacts, adaptation and Vulnerability"".","North America faces increasing climate-related extreme events, disproportionately impacting vulnerable populations (Indigenous, urban areas), coastal regions (sea level rise, storms), and various sectors (agriculture, energy, health); economic losses from storms are significant, mental health is affected by high temperatures, adaptation efforts are insufficient and underfunded, and delayed resilience investments will drastically increase costs.","Based on IPCC AR6, the article summarizes climate change impacts, adaptation, and financial implications in North America, highlighting adaptation gaps, the relevance of Climate Resilience Development (CRD), Mexico's vulnerability, financial sector's role, urgency of adaptation (especially in U.S. and Mexico), challenges to subnational adaptation due to political factors, and the economic benefits of early adaptation.",N/A,N/A,N/A,N/A,N/A,N/A,"Impacts and adaptation assessments revised in available literature inform the evaluation methods for IPCC WG2's report on impacts, adaptation, and vulnerability."
10.5194/nhess-22-2567-2022,Chan F.K.S. et al.,2022,"Comparison of sustainable flood risk management by four countries - the United Kingdom, the Netherlands, the United States, and Japan - and the implications for Asian coastal megacities",https://nhess.copernicus.org/articles/22/2567/2022/nhess-22-2567-2022.pdf,10.5194/nhess-22-2567-2022,AI,Step 5,"Lessons for coastal megacities in development related to sustainable flood risk management, integrating social, ecological, and economic themes, and moving towards long-term thinking about sustainability.","Climatic extremes (intensive precipitation, tropical cyclones, sea-level rise, storm surges), rapid urbanization, land-use change, economic expansion, high demand for coastal development, loss of wetland storage, impermeable surfaces, past land-use planning decisions, heavy rainstorms, typhoons, snowmelt, tsunami.","Climate Hazards (Flooding, Storms, etc.)",Other,"Analysis of flood risk management (FRM) practices includes a historical evolution of strategies, particularly in the UK, focusing on the shift from flood defense to flood risk management. Evaluates surface water management plans (SWMPs) as a government-required strategy under the Flood and Water Management Act to assess flood risk and inform planning decisions; SFRM evolution driven by sustainability principles (social, economic, environmental) incorporates participatory planning aided by flood risk information and cost-benefit analysis. FRM practices are compared across four countries (Japan, Netherlands, UK, USA).","SFRM balances flood risk reduction with other priorities, integrating social, economic, and environmental factors including natural capital; UK integrates FRM with land-use planning; USA relies on local authorities in flood risk management; lessons can be learned from legislative improvements and shifts in FRM in Japan; Asian coastal cities need to adopt SFRM using mixed engineered and non-engineered measures due to increasing flood risks and the limits of traditional approaches.","The U.S. has shifted from flood control to flood management since the National Flood Insurance Act of 1968 and Executive Order 11988; better planning and coordination between governmental levels are needed; the U.S., along with the Netherlands and the UK, is part of a broader context of sustainable flood risk management also encompassing Japan's flood resilience approach.",Acute shocks,Adaptive,Regional,N/A,Adaptive (reflecting shifts in economic behavior in response to impacts),N/A,"Adaptation is considered through flood risk management (FRM) practices, including shifts in strategy and the implementation of Surface Water Management Plans (SWMPs). Sustainable flood risk management (SFRM) evolution, participatory planning, and cost-benefit analysis are noted. A comparative analysis of FRM practices across multiple countries is also included."
10.1111/afe.12502,Aidoo O.F. et al.,2022,"Model-based prediction of the potential geographical distribution of the invasive coconut mite, Aceria guerreronis Keifer (Acari: Eriophyidae) based on MaxEnt",https://ugspace.ug.edu.gh/server/api/core/bitstreams/0632423a-43bf-4b31-a0b5-9765e3f81507/content,10.1111/afe.12502,AI,Step 5,Potential range expansion of coconut mite Aceria guerreronis; decreased habitat suitability by 2060.,"Climate change (SSP1-2.6, SSP5-8.5), annual average temperature, mean annual precipitation, precipitation seasonality, daytime temperature variation, temperature seasonality.",Agriculture,Other,"MaxEnt machine learning algorithm was used with 19 bioclimatic variables and species distribution modeling to predict current and future global distribution of *Aceria guerreronis* under SSP1-2.6 and SSP5-8.5 climate scenarios for 2040 and 2060, using 80% of occurrence sites for training and 20% for testing, averaging results over 10 runs, and using a jackknife test to assess variable importance.","The MaxEnt model accurately predicts Aceria guerreronis distribution, identifying suitable habitats in Oceania, Asia, Africa, and the Americas. Temperature seasonality and annual average temperature are key influencing factors. Under SSP2.6, habitat suitability expands in the future, while SSP8.5 predicts a decrease from 2040 to 2060.","SDM predicts shifts in *Aceria guerreronis* habitat suitability based on climate variables (primarily temperature), with maps showing current and projected distributions; model reliability and data input sensitivity are assessed, but focus is on pest distribution, not direct climate impacts, though climate influences it.",N/A,N/A,Global,N/A,N/A,N/A,Species distribution modeling (MaxEnt) is used to predict current and future habitat suitability for *A. guerreronis* under different climate scenarios (SSP2.6 and SSP8.5). This informs potential quarantine measures and identifies regions suitable for the coconut mite. The models consider different occurrence datasets to enhance prediction accuracy.
10.3390/land11040512,Rahman S. et al.,2022,"Climate, Environment and Socio-Economic Drivers of Global Agricultural Productivity Growth",found,10.3390/land11040512,AI,Step 5,Reduced global agricultural productivity due to climate variability.,"Climate variability (temperature and rainfall), long-term temperature (LTT), long-term precipitation (LTP), land elevation, weather regimes/zones.",Agriculture,Econometric,"TFP change is decomposed into technology, efficiency, and scale changes; climate change, production environment, and socio-economic factors' influences on agricultural productivity growth are identified; predictive analysis of future climate variability impacts is conducted using four models incorporating rainfall, temperature, long-term precipitation (LTP), and long-term temperature (LTT) variability. Explanatory variables include technology, institutional capacity, socio-economic, agro-ecological, and climatic factors. Long-term precipitation and temperature are calculated using a 30-year moving average. Annual temperature variability is estimated as the difference between monthly maximum and minimum average temperature. An MVTOBIT model is used to estimate the determinants of TFP change. A one-way ANOVA test determines significant differences in TFP change indices across categories. Econometric analysis examines crop diversification impacts on TFP, and regression equations are used to assess climate variable impacts on TFP and efficiency. TFP is predicted up to 2033 under four climatic scenarios using an MVTOBIT model based on parameter estimates and historical data (1969-2013).","Global agricultural TFP grew annually at 0.44%, driven by technology and mix-efficiency, but reduced by climate variability; high-income countries led in TFP change; crop diversification boosts TFP; climatic vulnerability and temperature changes negatively affect agricultural efficiency; country-specific research and policies, crop insurance, and technology adoption are potential solutions.","Published in *Land* (open access), the study uses panel data from 104 countries (1969-2013) and various databases (IFPRI, World Bank, FAOSTAT, etc.) to analyze agricultural TFP growth, its drivers (climate, socio-economics), and projects future impacts of climate variability, considering regional (Sub-Saharan Africa, South Asia, Latin America/Caribbean, East Asia/Pacific, Europe/Central Asia relative to Middle East/North Africa) and income classifications from the World Bank, highlighting the importance of TFP growth for SDGs.",Chronic trends,Adaptive,Global,N/A,Transitional (accounting for changes over time),N/A,"Adaptation is not explicitly mentioned. However, the study implicitly considers it by:

*   Including technology, institutional capacity, and socio-economic factors as explanatory variables affecting agricultural productivity (TFP). These represent adaptive capacities.
*   Examining the impact of crop diversification on TFP.
*   Analyzing efficiency changes, which can reflect adaptation strategies.
*   Using models that account for rainfall and temperature variability, which implicitly relate to adapting to a changing climate.
*   Predicting TFP under different climate scenarios, suggesting an awareness of future adaptation needs."
10.1016/j.scitotenv.2021.152552,Cremen G. et al.,2022,Modelling and quantifying tomorrow's risks from natural hazards,https://tomorrowscities.org/wp-content/uploads/2024/08/Modelling-and-quantifying-risks-min.pdf,10.1016/j.scitotenv.2021.152552,AI,Step 5,Quantifying future risk; sustainable future; risk-quantification approaches; future hazards affected by climate change; future exposure; evolving physical vulnerabilities.,"Climate change impacts (sea level rise, storm intensity/frequency, extreme temperatures, precipitation patterns), population growth/urbanization, land-use change, accumulation of asset wealth/socioeconomic growth, wealth disparities, greenhouse gas emissions.","Climate Hazards (Flooding, Storms, etc.)",Other,"Methodology involves modeling future risk from a physical sciences and engineering perspective, using climate models, emission scenarios, downscaling techniques, and socioeconomic storylines to quantify future natural hazards influenced by climate change, future exposure (population, land use), and evolving physical vulnerabilities; a stakeholder-centered risk modeling framework is proposed to account for multiple hazards and stakeholder perspectives.","Highlights include discussion of risk modeling challenges, future natural hazard exposure due to urbanization and socioeconomic factors, the absence of a unified analytical framework for risk quantification, and climate change risk assessment in the US Gulf of Mexico.","The study's scope excludes social vulnerability and relies on a methodological approach adapted from Salman and Li (2018), focusing on interconnected risk factors and the importance of consistent modeling frameworks for future risk assessment.",Acute shocks,Adaptive,Local,N/A,Transitional (accounting for changes over time),N/A,"Adaptation is addressed via climate adaptation engineering, focusing on infrastructure and economic impacts. The paper models future risk, incorporating uncertainties and dynamic elements of hazards, exposure, and vulnerability. A stakeholder-centered risk modeling framework is proposed."
10.3390/w14060967,Taguchi R. et al.,2022,Global-Scale Assessment of Economic Losses Caused by Flood-Related Business Interruption,found,10.3390/w14060967,AI,Step 5,Global business interruption (BI) loss and asset damage estimates; regional differences in BI loss; future increases in BI loss and asset damage per GDP under RCP8.5/SSP3.,"Floods (frequency, depth, duration), heavy rainfall, mild slopes (prolonged inundation), GDP, flood protection (presence/absence, levels), meteorological forcing data.","Climate Hazards (Flooding, Storms, etc.)",Other,"The study uses a global river and inundation model, CaMa-Flood, driven by bias-corrected meteorological forcing data (S14FD) to simulate daily inundation depth and estimate business interruption (BI) loss and asset damage. The MATSIRO land surface model generates daily runoff used in CaMa-Flood to simulate daily total storage and depth, determining inundation when storage exceeds flood protection standards. BI loss is modeled using inundation period and GDP data, while asset damage is calculated using annual maximum flood depth, land use data (GLCNMO aggregated with GRUMPv1), a damage-depth function, GDP, and an asset coefficient. Gridded GDP is derived from building height data (ASTER GDEM) to distribute country GDP. The method calculates BI loss by comparing secondary and tertiary industry production during flood and non-flood periods. The study uses a reanalysis simulation (S14FD-Reanalysis) for 1960–2013 and a GCM simulation (S14FD-GCM) for historical (1961–2005) and future (2006–2098, RCP8.5, SSP3) periods, averaging values from five GCMs for future projections. The study compares historical GCM simulations against reanalysis to validate results and analyzes future BI loss and asset damage for near-term (2021–2050) and long-term (2061–2090) periods relative to a past period (1971–2000), considering flood protection levels.","Highlights: Bias-corrected modeling estimates global annual BI loss and asset damage at USD 26.9 and 130.9 billion (1960-2013 average), respectively; future projections (RCP8.5/SSP3) show increases in BI loss and asset damage per GDP by 0.32% and 1.78% (2061-2090 vs 1971-2000); BI loss is significant, particularly in regions with mild slopes and long inundation periods (e.g., Amazon); America and Europe have greater absolute BI loss, but smaller relative BI loss (% of GDP); BI loss relative to GDP is projected to increase in some regions (e.g., Nile and Niger) and decrease in others; Previous studies underestimated economic impacts by focusing primarily on asset damage; Flood protection significantly reduces both BI loss and asset damage, but BI loss to asset damage ratio is expected to increase in some basins (e.g., Mississippi); BI loss is projected to exceed 1.5% of local GDP in flat terrain regions like Nile, Indonesia, and Chao Phraya River basins.","The study does not account for high-order propagation effects. Data from 11 countries were used to examine the relationship between building height and gridded GDP, applied globally, with subnational GDP obtained from national sources. A constant BI period is used, but this is acknowledged as a simplistic assumption needing more data. Validation includes specific historical flood events categorized by country, year, industry, and flood characteristics. BI loss and asset damage are estimated considering flood protection, expressed in 2005 PPP USD after converting from local currencies, with BI loss estimates appearing smaller than World Bank estimates due to exclusion of indirect losses. The impact of flood protection markedly reduces BI loss compared to asset damage.",Acute shocks,None,Global,None,Transitional (accounting for changes over time),N/A,"Flood protection standards are considered as a factor that determines inundation, influencing BI loss and asset damage. The study models simulations with and without flood protection. Ratios of BI loss to asset damage are compared in areas with varying flood protection levels. Future BI loss and asset damage ratios are estimated relative to flood protection levels."
10.1029/2021EF002222,Warziniack T. et al.,2022,Projections of Freshwater Use in the United States Under Climate Change,https://www.fs.usda.gov/rm/pubs_journals/2022/rmrs_2022_warziniack_t001.pdf,10.1029/2021EF002222,AI,Step 5,Projected freshwater use changes: -8% to +235% depending on climate/socioeconomic scenarios; agriculture key; climate change dominates in hot/dry futures.,"Climate change (temperature, precipitation, evapotranspiration, droughts), socioeconomic factors (population growth, per-capita income, GDP, SSPs, agriculture practices, livestock raising), water management strategies, technology, emissions scenarios (RCPs), past water withdrawal rates.",Fresh-Water,Other,"Freshwater use projections (2015-2070) are based on IPCC AR5 socioeconomic (SSPs) and climate (RCPs) scenarios, paired with five downscaled MACA climate models. The methodology extrapolates past trends in water withdrawal rates (1985-2015) applied to projected water-using units (population, irrigated acres) at the Water Resource Region (WRR) level with a 5-year time step, while incorporating climate change effects and projecting potential evapotranspiration changes. The Variable Infiltration Capacity (VIC) hydrological model is used at 4x4 km resolution. Livestock water demand projections do not include climate effects, and technology/thermoelectric generation shares are assumed to remain near current levels.","Freshwater use is projected to substantially increase in dry regions, particularly the West and parts of the Southeast, driven by agricultural demands overwhelming other factors under hot and dry climate scenarios; the South faces significant declines in water yield due to increased potential evapotranspiration; while electricity generation shifts and industrial efficiency may decrease water withdrawals, high growth scenarios could increase industrial and thermoelectric water use, with regional variations; climate change compounds population effects, increasing water use for outdoor needs; projections vary regionally, with potential overestimations for the Great Lakes and Ohio regions and underestimations for the Mid-Atlantic and Great Basin regions; and aggregate impacts depend on future climate and socioeconomic conditions, highlighting the need for water management actions where the status quo is unsustainable.","Water use trends mask local challenges, with groundwater increases sometimes offsetting surface water decreases; population growth impacts domestic water use; climate models are more influential than socioeconomic scenarios; study uses CMIP5 conventions and builds on prior research; calculations occur at the county level within Water Resource Regions; thermoelectric sector reflects socioeconomic and climate interactions; projections exclude scarcity and are affected by economic/drought factors; data will be archived.",Chronic trends,None,Local,Sequential Interactions,Transitional (accounting for changes over time),N/A,"Adaptation is largely absent. Projections extrapolate historical trends in water use, population, and income. Assumptions are made regarding stable technology and thermoelectric generation shares. Livestock water demand projections disregard climate effects."
10.1038/s41586-021-04283-8,Kotz M. et al.,2022,The effect of rainfall changes on economic production,found,10.1038/s41586-021-04283-8,AI,Step 5,"Reduced economic growth rates due to increased wet days and extreme daily rainfall, particularly impacting high-income nations and the services/manufacturing sectors.",Total annual rainfall; Monthly rainfall deviations; Number of wet days; Extreme daily rainfall; Daily temperature variability; Annual mean temperature.,"Climate Hazards (Flooding, Storms, etc.)",Econometric,"Fixed-effects panel regression models are applied to 40 years of subnational economic output data from 1,554 regions worldwide, assessing the impact of rainfall distribution (including wet days, extreme rainfall, total annual rainfall, and monthly rainfall deviations) on economic growth rates, while controlling for temperature variability and income, and accounting for spatial autocorrelation; Analysis also involves partitioning data by national income per capita and sector (agriculture, manufacturing, services), and stratifying rainfall effects by season; Marginal and historical effect sizes are computed; Economic responses are estimated separately for rich and poor countries across 14 dryland sites.","High-income nations and services/manufacturing sectors are most negatively impacted by increased wet days and extreme daily rainfall; while greater annual rainfall generally benefits economic growth, these benefits diminish in already wet climates; economic growth responds nonlinearly to monthly rainfall deviations; winter and autumn rainfall impacts are strongest; model incorporates quadratic effects of wet days and interactions with income level; findings differentiate rainfall impact responses between rich and poor countries.","The study uses climate data from ERA-5, MSWEP, PGF, and economic data from DoSE, focusing on dryland sites. The analysis is based on publicly available code and data, supported by the Volkswagen Foundation and EU Horizon 2020. Rainfall deviations are unitless. Maps depict historical rainfall variability with a red gradient, and graphs analyze total annual rainfall, monthly deviations, wet days, and mean temperature. 'Rich' and 'Poor' are likely economic classifications. Results vary depending on whether errors are regionally or nationally clustered, with an Adjusted R2 of 0.19 for model variance explanation.",Acute shocks,None,Regional,Sectoral Interactions,Transitional (accounting for changes over time),N/A,"Adaptation is implicitly considered through the analysis of economic responses to climate impacts, focusing on different economic sectors (agriculture, manufacturing, services) and exploring heterogeneity based on income levels. The use of fixed-effects models, spatial autocorrelation, and econometric specifications indicates a methodological approach that accounts for regional and temporal variations, including adaptations over time. The effects of climatic factors like rainfall are assessed relative to regional economic outputs, with considerations of marginal and historical effect sizes, suggesting an implicit evaluation of adaptive capacities across different income levels and sectors."
10.1007/978-3-030-86211-4_2,Aaheim A. et al.,2022,Cross-Sectoral Challenges for Adaptation Modelling,assistant: [yes],10.1007/978-3-030-86211-4_2,AI,Step 5,"Economic impact assessments, climate change, adaptation modeling, remote impacts, cross-sectoral interactions, cross-regional interactions, macroeconomic models.","Climate change, extreme weather events, sea-level rise, exposure, vulnerability, socioeconomic factors, precipitation patterns, temperature changes, flood risk, coastal storms.",Total,Other,"Methodologies discussed include: CGE models (GRACE), IAMs (implicit and explicit adaptation modeling), global sensitivity analysis, storyline development (climate scenario and risk), impact response surfaces (IRS) and adaptation response surfaces (ARS), multi-model ensembles (MME), stress-testing, agent-based modeling (ABM), system dynamics models (SYMs), system simulation models (SSMs), process-based models (e.g., XBeach, LISFLOOD), hydrological modeling, slope stability modeling (LEM, FEM), agro-ecosystem models, environmentally extended input-output models (EEIO), life cycle assessments (LCA), natural catastrophe models, water resource system models, hydro-economic models, coupled model chains, hierarchical Bayesian approach, socio-hydrology modeling, regional flood models (RFM), global flood models (GFM), Land System Modular Model (LandSyMM), multi-criteria analysis (MCA) coupled with uncertainty analysis (UA), data mining techniques (CART), and empirical models extrapolated under climate change scenarios, often combined with stakeholder engagement, historical analysis, and cost-benefit analysis.","Highlights include: Research gaps in adaptation modeling, need for policy community interaction; Europe's shift to adaptation implementation; comprehensive model/tool reviews; complex adaptation modeling challenges (quantification, uncertainty); adaptation evolution towards interdisciplinary and decision-maker-informed approaches; need to improve local/regional implications analysis and manage uncertainty in agricultural projections; value of diverse models, the role of macro-level constraints, and the impact of mechanization; top-down/bottom-up complementarity; addressing climate service gaps; tailoring information to decision contexts; utilizing climate scenario storylines; assessing intervention option controls; identifying dominant processes through sensitivity analysis; importance of local factors in short/mid-term planning; system vulnerability changes; riparian tree cover's cooling effect; system modeling for risk assessment; decision-led frameworks for adaptation planning; effectiveness of adaptation options; quantification of hazard-reducing effects of nature-based solutions; testing/validating disaster risk reduction (DRR); limitations of current models (validation data, end-user usability, indirect impacts); sensitivity analysis for sector-specific responses; crop rotation diversification for resilience; challenges of unexpected system behavior; improved attribution of drought/flood impacts; urban climate services for adaptation; weather index insurance (WII) for farmer resilience; flood modeling advancements; inadequacies in capturing cascading failures; addressing land-based trade-offs; land management adaptation; decision analysis methods for water sector; adaptation integration of economic efficiency, social acceptability, environmental sustainability, and adaptation robustness; bottom-up infrastructure adaptation; benefit-cost ratios (BCRs) for climate adaptation investments; multi-sectoral/organizational commitment to resilience; decision-making robustness under uncertainty; adaptation's implications for water reallocation; private sector risks/opportunities; supply chain emissions reduction; risk reduction integration in insurance; health behavioral change models for societal transformation; planetary health; modeling limitations (resolution, funding); communication of uncertainty improvement; socio-economic considerations; impact chains for risk analysis/communication; integrated modeling for adaptation performance; participatory scenarios for new strategies; decision support systems for uncertainty mitigation; need for climate knowledge/decision support services; regional risk estimation; climate risk storylines; switching to crops with lower water demand, to mitigate the effects of climate change; nature based solutions effects, and the importance of high-resolution data in climate services, landslide triggering threshold affected by long-term precipitations, and combined efforts needed in local instrumentation and modelling.","The document collection highlights: the need for more climate-related data; integration of adaptation actions into models and model improvements; adaptation modeling challenges and improvements; differentiation of adaptation in IAMs; incorporation of adaptation measures into macroeconomic models; market-related barriers often not implemented in top-down models; stakeholder confidence in model projections; subtle shifts in seasonality and extreme weather; dynamic trends in hazard, exposure, and vulnerability for flood risk; knowledge transfer to end-users; long-term monitoring of adaptation success; limitations of current modeling approaches; site-specific dependency of vulnerability to climate change; a systems approach to flood risk; co-design of services with end users; crop rotations in impact assessments; the importance of land-use models incorporating adaptation; water resources system definitions; exploratory modeling for water-related outcomes; limited uptake of water resource models in practice; top-down vs. bottom-up adaptation; methods to address uncertainty in human-water systems; transitional risks for the private sector; GHG emission reporting harmonization; the role of insurance in adaptation; EU initiatives to address climate change; societal transformation approaches; climate risk dynamics and adaptation limits; integrating expert knowledge with models; climate change effects in combination with other signals; operationalizing climate proofing; JPI Climate projects and knowledge hubs; soil behavior modeling for static slope stability; challenges in modeling vegetation effects on slope stability.",Acute shocks,Adaptive,N/A,Sectoral Interactions,Adaptive (reflecting shifts in economic behavior in response to impacts),Other,"Adaptation is considered through various modeling approaches: top-down (CGE models), bottom-up, integrated assessment models (IAMs) with implicit and explicit adaptation, storyline development, and multi-criteria/uncertainty analysis. Methods include global sensitivity analysis, stress-testing, impact & adaptation response surfaces, disaster risk reduction measures, and analysis of crop rotations. Focus is also on climate services, stakeholder engagement, and decision support systems for adaptation planning, performance evaluation, and integration of local context, incorporating cost/benefit analysis and considering various uncertainties and scenarios. Insurance practices and behavioral changes also support adaptation."
10.1007/s00148-024-01039-2,Huang & Hong,2024,The impact of global warming on obesity,http://www.ccap.pku.edu.cn/docs/2025-01/20250109102110465468.pdf,10.1007/s00148-024-01039-2,AI,Step 5,"Increased obesity rates (globally, especially in temperate zones), potential reduction in obesity in some tropical countries.","Annual mean temperature, temperature fluctuations, temperature bins, seasonal mean temperature, temperature variation, temperature shocks, global warming (temperature increases), emissions scenarios.",Health > Other,Econometric,"The study analyzes year-to-year temperature fluctuations from 1975-2016 in 152 countries, using fixed effects panel regression models with temperature polynomials and interactions with GDP per capita to assess the impact of global warming on obesity. It employs a baseline model and a long-difference model, comparing year-to-year and 30-year temperature trends to infer adaptation effects, while considering various control variables and robustness checks. The study also uses multi-model ensemble climate projections (CMIP6) and country-level climate measures from the LandScan Program, incorporating emissions scenarios and temperature bins to assess impacts from 2016-2050.","Global warming primarily increases obesity rates in temperate zones while sometimes reducing them in tropical regions; adaptation may not fully mitigate this impact; the effect varies based on income, age, education, and sex, with poorer countries, older populations, more educated adults, and males being more affected; temperature increases initially raise and then lower obesity, with a threshold around 27°C; higher temperatures may decrease calorie expenditure; long-term adaptation may not significantly reduce the impact of global warming on obesity.","Temperature distributions are key to the analysis; adaptation inferences are not solely driven by adaptation; analysis is limited for countries with mean temperatures below zero; income (GDP) moderates the effect of temperature on obesity; heterogeneity of impact is examined concerning income, age, education, gender, and region; the 12-15 °C temperature bin was excluded due to collinearity; seasonal models provide more detail but may miss non-linear effects; temperature variation and shocks are defined using specific equations and thresholds; a flowchart summarizes factors influencing obesity; the response function is normalized for comparison; short-run and long-run marginal effects are distinguished, with maps depicting projected changes; a more active role for the public sector is suggested; limitations include lack of long-term sub-country obesity data and BMI scale data.",Chronic trends,Adaptive,Global,N/A,Adaptive (reflecting shifts in economic behavior in response to impacts),N/A,"Adaptation is assessed by comparing short-run (year-to-year temperature variations) and long-run (30-year temperature trends) models, inferring adaptation from the differences. A long-difference approach compares 30-year periods. The interaction between income and temperature is investigated. Potential channels (income, food prices, etc.) are examined."
10.1016/j.strueco.2023.05.009,Chang et al.,2023,Temperature and GDP: A review of climate econometrics analysis,found,10.1016/j.strueco.2023.05.009,AI,Step 5,"Economic impacts of climate change, GDP effects (growth and level), damage modeling.","Temperature, Extreme Temperatures, Temperature Variability, Deviations from Historical Norms, Weather Shocks, Average Climate Conditions, GDP Growth, GDP Level, Productivity, Physical Capital Stock",Total,Econometric,"Climate econometrics models relate temperature and GDP using linear and non-linear forms, different temporal resolutions (annual, monthly, seasonal), panel models, and other techniques to distinguish between short- and long-run climate impacts and adaptation effects; Employs temperature bins, cross-sectional models (capturing long-term equilibrium after adaptation), and panel models with fixed effects and time trends; Introduces the long difference approach (averaging variables over time) and hybrid panel models to distinguish short-, medium-, and long-term variations; Uses the half-panel jackknife FE (HPJ-FE) estimator to address feedback effects; Advocates for differentiating between short- and long-run effects to identify adaptation effects, refining long difference models in growth rates, and focusing on deviation from long-run averages in panel data.","Growth effects of temperature on GDP are generally larger than level effects. Accurate modeling of adaptation and distinction between short- and long-run effects are crucial. Non-linear models are preferred over linear specifications for long-term climate impact assessment, with temperature bins used to reveal non-linear effects and thresholds. Hybrid panel models capture long-term climate impacts and distinguish short- and long-term effects. Climate econometrics research can provide empirical evidence for improving damage functions in IAMs. Deviation from historical temperature norms is important for avoiding spurious correlations and capturing net impacts after adaptation. Multiple model specifications should be incorporated to distinguish growth and level effects.","Review of climate econometrics literature identifies limitations in existing studies and suggests future research directions, including addressing biases from omitted variables and endogenous control variables, identifying key temperature thresholds for adaptation, improving adaptation modeling by addressing data gaps on costs and benefits, and capturing non-market sector impacts beyond GDP. It advocates for multiple model specifications, exploring temperature's effect on GDP through diverse temperature variables, modeling temperature shocks on GDP growth in IAMs, investigating adaptation costs and effects, and examining temperature effects in trading networks.",N/A,Adaptive,N/A,Sequential Interactions,Adaptive (reflecting shifts in economic behavior in response to impacts),N/A,"Adaptation effects are explored by differentiating between short- and long-run climate impacts, employing panel models (with fixed effects and time trends) and long difference approaches. Cross-sectional models are used to capture long-term equilibrium effects after adaptation. Hybrid panel models and the HPJ-FE estimator are used to address feedback effects. Refined long difference models and analyses of deviations from long-run averages are suggested to improve the modeling of adaptation."
10.1175/BAMS-D-21-0262.1,Brunet et al.,2023,Advancing Weather and Climate Forecasting for Our Changing World,found,10.1175/BAMS-D-21-0262.1,AI,Step 5,"Reduced detrimental societal and economic impact of hazardous weather and climate events, especially for low-income nations.","Extreme weather events, warming climate, meteorological/hydrological/climatological hazards, population growth, urbanization, coastal populations, changing global economy, insufficient access to forecasts in low-income countries, disproportionate impact on poor nations.","Climate Hazards (Flooding, Storms, etc.)",Other,"Methodology involves summarizing expert views, analyzing NatCatSERVICE data (Munich Re, 2019), reviewing advancements in NWP models and collaborative efforts (WMO's WWW & GDPFS), and proposing improved predictive skill through HPC, observations, advanced models, ensemble forecasting, AI/ML (TensorFlow, PyTorch, Python, C++) for data assimilation, parameterization, and downscaling, emphasizing open data sharing, reforecasts, training, and public-private-academic partnerships.","Extreme weather events are increasing, disproportionately impacting low-income nations; advances in Earth system modeling, data sharing (though access to regional and private sector data remains a challenge), and AI can improve forecasting skill and utilization of observing systems; improved coordination among public, private, and academic sectors and investment in low-income countries are needed to address big data challenges and support sustainable development through improved weather and climate services.","Climate change is increasing extreme weather events globally, particularly in North America and Europe, but also increasingly in South America, Africa, and Australia; advancing weather and climate forecasting requires a collaborative innovation cycle involving public, private, and academic sectors, focusing on infrastructure, R&D, and operations, leveraging technology, international collaboration, and addressing numerical weather prediction challenges; improved forecasting in low-income countries requires capacity building and technology transfer.",N/A,N/A,N/A,N/A,N/A,N/A,"Adaptation is considered through improving predictive skill using high-performance computing, better observational instrumentation, advanced modeling, and better model initialization. AI/ML techniques can downscale forecast data and cloud-based NWP systems can be leveraged, enabled by partnerships between private, public, and academic sectors. Investment in expertise and infrastructure, data sharing, and integrating multimodels are also noted, with emphasis on strategic alignment and regional cooperation with low-income countries."
10.1038/s43247-023-01173-x,Kotz et al.,2024,Global warming and heat extremes to enhance inflationary pressures,found,10.1038/s43247-023-01173-x,AI,Step 5,"Increased food and headline inflation globally, particularly at low latitudes and during summer at high latitudes.","Temperature (average, variability, extremes), precipitation (extremes, SPEI), emission scenarios (SSP126, SSP585), seasonality, regionality.",Other,Econometric,"Fixed-effects panel regressions are applied to monthly price indices from 121 countries (1996-2021) combined with weather data (ERA5, 1990-2021, and CRU TS v4.05, 1901-2021 for SPEI); the analysis uses over 27,000 observations and examines temperature shocks relative to 30-year moving averages, with robustness tests employing dynamic panel specifications, Driscoll-Kraay errors, monetary policy controls, and alternative inflation databases; the empirical models are then used with CMIP6 climate model projections (SSP585 and SSP126) to estimate the impacts of future weather conditions on inflation, focusing on 2035 and 2060, considering adaptation, policy response, and macroeconomic interactions, using population weighting and trend-preserving statistical downscaling for historical temperatures.","Climate change, particularly higher temperatures, leads to persistent (over 12 months) increases in both food and headline inflation, impacting both high- and low-income countries. These inflationary pressures are non-linear, exacerbated by increased daily temperature variability, and largest at low latitudes with strong seasonal variations (peaking in summer) at high latitudes. Projections for 2035 suggest significant upward pressure on inflation, with extreme heat events already impacting European inflation and projected to worsen. Climate change will likely alter inflation seasonality, increase its volatility and heterogeneity, and create persistent upward pressure, with stronger impacts in Northern mid-to-high latitudes in summer.","Climate impacts on inflation vary by season and region based on climatic norms, with average temperature changes having the strongest effect; the study uses SPEI to account for wet/dry conditions. Inflation pressures are seasonally heterogeneous, potentially altering the food inflation cycle. Detecting precipitation impacts is limited by data and spatial variability. The study acknowledges adaptation's potential to limit inflation, but emphasizes the need for emissions mitigation and notes limits to historical adaptation. Analysis uses gridded population estimates to account for precipitation's spatial variability and focuses on deviations from historical seasonal patterns (1990-2021), assuming adaptation to these patterns. The study focuses on the impacts of deviations from normal seasonal conditions, but doesn't control for employment or economic output. The inflation impacts are evaluations, not projections, and don't account for changing temperature variability affecting extremes, while holding demographic developments, consumption, and fiscal/monetary policies constant.",Acute shocks,Adaptive,Regional,None,Transitional (accounting for changes over time),N/A,Generally abstracted from. Explicitly states results are in the absence of unprecedented adaptation and abstracts from adaptation and policy response. Some modeling of structural changes in the economy is included.
10.3390/land11040512,Rahman et al.,2022,"Climate, Environment and Socio-Economic Drivers of Global Agricultural Productivity Growth",found,10.3390/land11040512,AI,Step 5,"Growth in global agricultural TFP, climate impacts, productivity changes, technological progress, climate variability effects.","Climate variability (temperature & rainfall), long-term temperature (LTT), long-term precipitation (LTP), weather regimes (arid, tropical, temperate), land elevation.",Agriculture,Econometric,"A panel data analysis (1969-2013) of 104 countries decomposes agricultural production growth (Total Factor Productivity - TFP) into technology, efficiency, and scale changes. It employs a counterfactual model and MVTOBIT model to assess climate change, natural production environment, and socio-economic factors' influence on TFP. Climate variables include long-term (30-year moving average) precipitation and temperature, and annual temperature variability (difference between monthly max/min average temperature). Regression equations are used to calculate marginal effects of climate variables on TFP and efficiency. TFP is predicted to 2033 under four climatic scenarios based on historical data. A one-way ANOVA test is used to determine if TFP change indices across categories are significantly different and econometric analysis examines the impacts of crop diversification on TFP.","Global agricultural TFP has grown consistently at 0.44% annually, driven by technology and mix-efficiency changes, with climate variability negatively impacting efficiency and yield. Crop diversification, country-specific R&D, policies, crop insurance, and technology adoption can enhance resilience and mitigate climate impacts.","The study, published in *Land* under a Creative Commons Attribution 4.0 license, examines agricultural TFP growth using data from sources like IFPRI, World Bank, FAOSTAT, and EM-DAT; it includes regional dummies for Sub-Saharan Africa, South Asia, Latin America and Caribbean, East Asia and the Pacific, and Europe and Central Asia, and considers World Bank income classifications; findings indicate significant growth in technical, scale, and mix efficiency over time.",Chronic trends,Adaptive,Global,N/A,Transitional (accounting for changes over time),N/A,"Adaptation is not explicitly mentioned in the provided text. The study focuses on identifying climate change impacts on agricultural productivity and predicting future impacts under different climate scenarios, while accounting for technology, socio-economic factors, and agro-ecological factors. The analysis models TFP changes based on historical data and parameter estimates, but does not directly address adaptive strategies or behaviors."
